model_id,policy,seed,valid_trials,invalid_trials,valid_rate,hv_auc,hv_final,igd_auc,igd_final,hv_5,hv_10,hv_20,wall_seconds,mesh_invalid,mesh_failure
i01o_m1,parego,11,19,1,0.95,0.8796016012689977,0.9164755132840604,0.043617684045935516,0.02689437731122198,0.8480566418961233,0.8692494806094183,0.9164755132840604,71.40056829999958,1,0
i01o_m1,parego,12,19,1,0.95,0.8698234547151141,0.9071795631731352,0.04331690163136053,0.014725052863034245,0.8174773244135647,0.8692494806094183,0.9071795631731352,70.02492179999535,1,0
i01o_m1,parego,13,20,0,1.0,0.895159978191848,0.9273316394412836,0.0350324634210008,0.024714319307920313,0.8583237623601202,0.9133516525747865,0.9273316394412836,84.55874880001647,0,0
i01o_m1,parego_seed,11,19,1,0.95,0.8981081014272858,0.9263595067101686,0.03668192097531915,0.025012515364591096,0.8481394855058751,0.9250547113730475,0.9263595067101686,80.61578079998435,1,0
i01o_m1,parego_seed,12,20,0,1.0,0.8830281884690763,0.927060229327551,0.04264095349512649,0.024793529942570686,0.8542699150344972,0.8724523204542693,0.927060229327551,84.87969800003339,0,0
i01o_m1,parego_seed,13,20,0,1.0,0.8862677336475182,0.9262405545567328,0.036645710021933064,0.02508397226353022,0.8579754049731646,0.8949834416563293,0.9262405545567328,85.8285360000009,0,0
i01o_m1,qlogehvi_mixed,11,19,1,0.95,0.9025865627782331,0.9285213035492565,0.0352436637670161,0.023289098116556536,0.8652503483043835,0.9285213035492565,0.9285213035492565,100.63898320001317,1,0
i01o_m1,qlogehvi_mixed,12,20,0,1.0,0.8936625700939996,0.9296912600958993,0.032676567740589406,0.0006843112908583083,0.8191029298368563,0.9293292004397289,0.9296912600958993,110.10648789996048,0,0
i01o_m1,qlogehvi_mixed,13,20,0,1.0,0.8924741502849632,0.9303601421798359,0.0394752912911541,0.02372621562391074,0.8557701205856544,0.9293292004397289,0.9303601421798359,108.76425280002877,0,0
i01o_m1,qlogehvi_mixed_seed,11,19,1,0.95,0.9051961974885908,0.9293315807113828,0.03358396895313607,0.024020250088817235,0.8582018282670619,0.9273591671861567,0.9293315807113828,133.64600110000174,1,0
i01o_m1,qlogehvi_mixed_seed,12,20,0,1.0,0.8943213002023178,0.9293292004397289,0.04197418262713216,0.02481301202050631,0.8257399565540383,0.9293292004397289,0.9293292004397289,148.3990934000176,0,0
i01o_m1,qlogehvi_mixed_seed,13,20,0,1.0,0.8903011990902013,0.9294194720262874,0.04012300724718044,0.023602827190773595,0.8245427932475311,0.9230036825714416,0.9294194720262874,141.67295749996265,0,0
i01o_m1,random,11,19,1,0.95,0.8763479833735592,0.8901624210070413,0.03692817739440557,0.026332976382696622,0.8480566418961233,0.8901615049582933,0.8901624210070413,130.87015070002235,1,0
i01o_m1,random,12,19,1,0.95,0.8260940672042063,0.8468623765776677,0.07828274881202667,0.05794192099992727,0.8174421577108459,0.8194970952848307,0.8468623765776677,137.53071610000916,1,0
i01o_m1,random,13,19,1,0.95,0.8604183064335259,0.9005240073155082,0.05198421415209606,0.033408532764526405,0.8320483279695633,0.8509912414496259,0.9005240073155082,140.9195619999955,1,0
i01o_m1,random_seed,11,19,1,0.95,0.8756404340363444,0.8901624210070413,0.03730935560439512,0.026332976382696622,0.8480566418961233,0.8901615049582933,0.8901624210070413,78.0862305999326,1,0
i01o_m1,random_seed,12,19,1,0.95,0.8307323162608511,0.8468623765776677,0.07352378653289002,0.05794192099992727,0.8250849813680207,0.827200932804113,0.8468623765776677,150.8612813000218,1,0
i01o_m1,random_seed,13,19,1,0.95,0.8585437458185753,0.9005240073155082,0.05364300277415838,0.033408532764526405,0.8243841044038572,0.8509912414496259,0.9005240073155082,74.56388839996362,1,0
i02o_m2,parego,11,20,0,1.0,0.8825566281628787,0.9235889079020736,0.051972387938461775,0.011950237637449299,0.8571631486410679,0.8732939656400341,0.9235889079020736,71.86530970000604,0,0
i02o_m2,parego,12,20,0,1.0,0.8851195402660498,0.9299943262545339,0.04946186988951832,0.005805149170824901,0.8370713128855024,0.868724634561796,0.9299943262545339,71.6959196000098,0,0
i02o_m2,parego,13,20,0,1.0,0.9027969443189489,0.9253218507906342,0.03258318916822211,0.010361483736796412,0.884701976590034,0.8854576644701259,0.9253218507906342,69.53241400000115,0,0
i02o_m2,parego_seed,11,20,0,1.0,0.9069753904707387,0.9270817695366964,0.0283844978967565,0.008657201798630028,0.8907227951909096,0.90440678669278,0.9270817695366964,72.99131099997612,0,0
i02o_m2,parego_seed,12,20,0,1.0,0.8997538270048303,0.9243746546249476,0.03559785650804526,0.011509308717290744,0.8713953222231093,0.9228582228305023,0.9243746546249476,73.86660720001964,0,0
i02o_m2,parego_seed,13,20,0,1.0,0.8778881474521548,0.8833762165531776,0.057310000668947994,0.05218692766039875,0.8714647430505565,0.883192590464403,0.8833762165531776,69.9144110000052,0,0
i02o_m2,qlogehvi_mixed,11,20,0,1.0,0.9034884407726945,0.929273496786677,0.03145502380455015,0.006678410010859237,0.8571694214862179,0.9266484901159872,0.929273496786677,89.91666409996105,0,0
i02o_m2,qlogehvi_mixed,12,20,0,1.0,0.8883682742200748,0.9330112859683094,0.0462390063023487,0.00291513838731141,0.8370713128855024,0.9018863421550094,0.9330112859683094,87.5333941000572,0,0
i02o_m2,qlogehvi_mixed,13,20,0,1.0,0.8848348927348131,0.8849424915186817,0.05018092289254126,0.05018092289254126,0.884701976590034,0.8849424915186817,0.8849424915186817,81.56911580004089,0,0
i02o_m2,qlogehvi_mixed_seed,11,20,0,1.0,0.9056780701202641,0.9365362186845445,0.03004272748360697,0.001141460564987538,0.8712661279969902,0.9320785318499264,0.9365362186845445,93.58219210001698,0,0
i02o_m2,qlogehvi_mixed_seed,12,20,0,1.0,0.9081908624184182,0.934044478059868,0.027314604809015142,0.0019991830573369996,0.8708759290335027,0.9193581068728433,0.934044478059868,99.50249790001544,0,0
i02o_m2,qlogehvi_mixed_seed,13,20,0,1.0,0.9030099035694905,0.9373666397874416,0.03285301729970899,0.0014210113616234758,0.8709243203422217,0.8950084101595798,0.9373666397874416,98.00385940000706,0,0
i02o_m2,random,11,20,0,1.0,0.8833732615872352,0.9017103242447042,0.05131620190293291,0.033966016812349474,0.8571631486410679,0.9016995190632817,0.9017103242447042,129.6451020999957,0,0
i02o_m2,random,12,20,0,1.0,0.8655278144321215,0.9025523016868973,0.0682396168107704,0.032093141263168624,0.8370713128855024,0.8449125338569251,0.9025523016868973,130.3150719000114,0,0
i02o_m2,random,13,20,0,1.0,0.8936401653514257,0.913672342179258,0.041694934208246,0.022116556594844943,0.884701976590034,0.8859624876424655,0.913672342179258,129.20456729998114,0,0
i02o_m2,random_seed,11,20,0,1.0,0.8943786277920394,0.9017103242447042,0.040993710819586894,0.033966016812349474,0.8712660952439344,0.9016995190632817,0.9017103242447042,138.0802212999988,0,0
i02o_m2,random_seed,12,20,0,1.0,0.8831764879240861,0.9025525310586365,0.05118638629534975,0.032093141263168624,0.8706992112209647,0.8707162530489664,0.9025525310586365,137.13656849997642,0,0
i02o_m2,random_seed,13,20,0,1.0,0.8896876698930755,0.913672342179258,0.04552966589153403,0.022116556594844943,0.8708028278687319,0.8859624876424655,0.913672342179258,132.64044790001935,0,0
i03o_m3,parego,11,18,2,0.9,0.8370230288552597,0.858888775407926,0.07569274410561466,0.056108373555741886,0.8455174274209105,0.845641912010253,0.858888775407926,81.51192049997917,2,0
i03o_m3,parego,12,20,0,1.0,0.8600891948916094,0.9257813845054413,0.05767279213451832,0.00794464672398677,0.8150713072259141,0.8589209117060423,0.9257813845054413,80.01921680002124,0,0
i03o_m3,parego,13,19,1,0.95,0.8669722501172058,0.8922644361628014,0.049620982548581785,0.022252393268866456,0.8249125519814606,0.8863011350405078,0.8922644361628014,86.6585554999765,1,0
i03o_m3,parego_seed,11,19,1,0.95,0.8833447910073082,0.9157904488284289,0.0349226490235231,0.00670552379858441,0.8522358434839885,0.8970044491232297,0.9157904488284289,83.91587179996714,1,0
i03o_m3,parego_seed,12,20,0,1.0,0.8777257516097128,0.9104382268355519,0.040765859519687725,0.010870285860091713,0.8367221390994617,0.8720112185156995,0.9104382268355519,85.0874939999776,0,0
i03o_m3,parego_seed,13,19,1,0.95,0.8577673692477483,0.9023098457646798,0.057799111828271584,0.016618165920476075,0.8305520168183061,0.8518647527841839,0.9023098457646798,85.14633039999171,1,0
i03o_m3,qlogehvi_mixed,11,19,1,0.95,0.8908843227536953,0.921436755963843,0.03233568503752401,0.009730455584211616,0.9134195755937154,0.9152450896434778,0.921436755963843,102.14832260002731,1,0
i03o_m3,qlogehvi_mixed,12,20,0,1.0,0.878187447200522,0.9185771688065972,0.042233864051695026,0.00910148449227377,0.8150713072259141,0.913685715100638,0.9185771688065972,106.60791079996852,0,0
i03o_m3,qlogehvi_mixed,13,19,1,0.95,0.8919764876868562,0.9137634857430261,0.028793572183192083,0.009760825425094644,0.8257778314209315,0.9116804795672536,0.9137634857430261,108.77395940003044,1,0
i03o_m3,qlogehvi_mixed_seed,11,19,1,0.95,0.8765770818325206,0.9194492478197185,0.04209888483080246,0.00925005751759615,0.8455174274209105,0.8502603605480077,0.9194492478197185,106.30254619994957,1,0
i03o_m3,qlogehvi_mixed_seed,12,20,0,1.0,0.8859030567746048,0.9203636753413463,0.03472248342204262,0.008135675314520243,0.8339115762124385,0.9119659079876712,0.9203636753413463,96.51913169998443,0,0
i03o_m3,qlogehvi_mixed_seed,13,19,1,0.95,0.8862275071915725,0.916252286747886,0.03427585698315448,0.009920452179119802,0.8305520168183061,0.9149967726700304,0.916252286747886,107.64146650000475,1,0
i03o_m3,random,11,17,3,0.85,0.8409709579646778,0.8597515545005704,0.07180020612984483,0.05495850415854121,0.8455174274209105,0.8595260966694651,0.8597515545005704,182.40823319999618,3,0
i03o_m3,random,12,17,3,0.85,0.8171479644179886,0.8429034257678881,0.094077996071903,0.07071851233833402,0.8150713072259141,0.8191131504855568,0.8429034257678881,167.76012279998395,3,0
i03o_m3,random,13,18,2,0.9,0.8538849407259559,0.8791612148067853,0.05953165558231729,0.037896423504755625,0.8246285920818598,0.8531840346369214,0.8791612148067853,167.5495069999888,2,0
i03o_m3,random_seed,11,17,3,0.85,0.8522622881899783,0.8597515545005704,0.06186677031832154,0.05495850415854121,0.8455174274209105,0.8595260966694651,0.8597515545005704,167.8436963999702,3,0
i03o_m3,random_seed,12,17,3,0.85,0.8320358581276386,0.842904825187959,0.08047278552844553,0.07071851233833402,0.8310826641708655,0.8310826641708655,0.842904825187959,158.2341099000041,3,0
i03o_m3,random_seed,13,18,2,0.9,0.855318519552223,0.8791612148067853,0.058318688780965106,0.037896423504755625,0.8305520168183061,0.8531840346369214,0.8791612148067853,159.9216973999719,2,0
i04o_m4,parego,11,20,0,1.0,0.8915472182444169,0.9229236837615777,0.03712260231096037,0.007361540091619113,0.8486541573957347,0.9128428148475315,0.9229236837615777,79.12720849998004,0,0
i04o_m4,parego,12,19,1,0.95,0.8465296957657656,0.8647169038944176,0.08187171929581341,0.06428971275166424,0.793954384929909,0.8647153586684703,0.8647169038944176,72.96766670000216,1,0
i04o_m4,parego,13,20,0,1.0,0.894880343244131,0.9334314252674495,0.036916693346719584,0.0016230019832932925,0.8565752169215877,0.8833716055398806,0.9334314252674495,80.38198369997554,0,0
i04o_m4,parego_seed,11,20,0,1.0,0.8757232923884161,0.927196937356025,0.05395778344158607,0.0038805704943965236,0.8331754378714069,0.8724284509694152,0.927196937356025,83.73545980000927,0,0
i04o_m4,parego_seed,12,20,0,1.0,0.8797962480915359,0.9112328583537078,0.04942960127945222,0.018784249329656146,0.8276071401690465,0.9091618066238861,0.9112328583537078,80.70875859996886,0,0
i04o_m4,parego_seed,13,20,0,1.0,0.891538038216346,0.9340432905620798,0.03819350253928672,0.0016456301628938208,0.8745694858830931,0.909429527071746,0.9340432905620798,83.23164760002692,0,0
i04o_m4,qlogehvi_mixed,11,20,0,1.0,0.9069194154390933,0.9333141534243286,0.02376284826769163,0.001138807948766247,0.9264306684540872,0.9283844558551281,0.9333141534243286,110.22368849998747,0,0
i04o_m4,qlogehvi_mixed,12,20,0,1.0,0.8724570869869468,0.9314037018557664,0.05750992295278116,0.0009611415026331853,0.7939581853823316,0.85964764387089,0.9314037018557664,108.05734929996834,0,0
i04o_m4,qlogehvi_mixed,13,20,0,1.0,0.8818332081211446,0.9334317594860116,0.04824907905728302,0.0007203552208976894,0.8553573343180146,0.8563161113636906,0.9334317594860116,99.84767690001172,0,0
i04o_m4,qlogehvi_mixed_seed,11,20,0,1.0,0.881033258557038,0.9307893449872173,0.04911117423297542,0.0011821842157026736,0.8331133733018045,0.8499312244596943,0.9307893449872173,136.66017070002272,0,0
i04o_m4,qlogehvi_mixed_seed,12,20,0,1.0,0.8826715424571925,0.9322224039374262,0.04714678798889125,0.0008717566272424211,0.8275036782875168,0.8778424780826972,0.9322224039374262,134.72195770002145,0,0
i04o_m4,qlogehvi_mixed_seed,13,20,0,1.0,0.8933594017997367,0.9298317174998519,0.0373089038497247,0.002087704860524761,0.8279303490945689,0.9296888837011559,0.9298317174998519,127.99161230005848,0,0
i04o_m4,random,11,20,0,1.0,0.8702714933607216,0.8892658648195587,0.057695251283038054,0.040055676713029495,0.8331133733018045,0.8892658648195587,0.8892658648195587,140.14776269999857,0,0
i04o_m4,random,12,18,2,0.9,0.8238771643889526,0.8640047838632238,0.10417606379924742,0.06397537784072115,0.793954384929909,0.8010225756309126,0.8640047838632238,134.76698449996184,2,0
i04o_m4,random,13,20,0,1.0,0.8704143491019264,0.8876857719915177,0.05883534760018844,0.04221156367023856,0.8549133638068438,0.8676138036824942,0.8876857719915177,136.5204628000647,0,0
i04o_m4,random_seed,11,20,0,1.0,0.8752045289511544,0.8892658648195587,0.05388078833041631,0.040055676713029495,0.8331133733018045,0.8892658648195587,0.8892658648195587,162.06184759997996,0,0
i04o_m4,random_seed,12,18,2,0.9,0.8417951508244673,0.8640300486358296,0.08623303537986668,0.06397537784072115,0.8273217054338899,0.8273217054338899,0.8640300486358296,155.22547019999183,2,0
i04o_m4,random_seed,13,20,0,1.0,0.8638812449235946,0.8876857719915177,0.06554635803491637,0.04221156367023856,0.8273217054338899,0.8676138036824942,0.8876857719915177,158.48175659998378,0,0
i05o_m5,parego,11,20,0,1.0,0.8913721523456659,0.931360516719857,0.03746007761442063,0.006003352190076409,0.8307804232601985,0.9116369234139408,0.931360516719857,88.2243869000522,0,0
i05o_m5,parego,12,20,0,1.0,0.8801714407712238,0.9155536255342654,0.047520629609802356,0.02142606782064498,0.8211080764170776,0.9153557803788395,0.9155536255342654,83.66547450001235,0,0
i05o_m5,parego,13,20,0,1.0,0.8602903551476878,0.9113994149700316,0.05818597557225597,0.015617917519613828,0.8480538139318349,0.8535669542363831,0.9113994149700316,85.7109150999604,0,0
i05o_m5,parego_seed,11,20,0,1.0,0.8754710088126928,0.9218335811221348,0.04759276075703419,0.008813548050811987,0.8314491259673831,0.8691317955117894,0.9218335811221348,87.35214279998036,0,0
i05o_m5,parego_seed,12,20,0,1.0,0.8799026634887931,0.9281095123824448,0.04246127660467935,0.0020865076842668654,0.8310093419364228,0.8657823562418676,0.9281095123824448,85.94073110001045,0,0
i05o_m5,parego_seed,13,20,0,1.0,0.890600171315605,0.9316385172812142,0.03460190403392568,0.001514180912265917,0.8310780934618255,0.8884737771633443,0.9316385172812142,88.36683759998414,0,0
i05o_m5,qlogehvi_mixed,11,20,0,1.0,0.881452645325476,0.9311095473430476,0.04763038595217212,0.012891966704756662,0.8284589349034739,0.9214150983384664,0.9311095473430476,84.29582839999057,0,0
i05o_m5,qlogehvi_mixed,12,20,0,1.0,0.9005388726480742,0.9333304489691909,0.032843415630440936,0.009153845984814,0.8211080764170776,0.931015095534043,0.9333304489691909,122.98826090001967,0,0
i05o_m5,qlogehvi_mixed,13,20,0,1.0,0.8655887104905085,0.9327429648655163,0.05717131913650547,0.01311015957124779,0.8220101244364983,0.8534841371938622,0.9327429648655163,109.53874459996587,0,0
i05o_m5,qlogehvi_mixed_seed,11,20,0,1.0,0.8960758202525682,0.929933123296302,0.037551348870994296,0.013923869129747015,0.8314485751834765,0.9297857363311476,0.929933123296302,119.0016856000002,0,0
i05o_m5,qlogehvi_mixed_seed,12,20,0,1.0,0.8751490085608762,0.9280533476692818,0.05102102177437702,0.01381136227367117,0.8342573968822306,0.8513356574700924,0.9280533476692818,128.13678300002357,0,0
i05o_m5,qlogehvi_mixed_seed,13,20,0,1.0,0.8767090412991931,0.9315550277265342,0.04905735376594057,0.01336001422489312,0.8310093419364228,0.8650753838244961,0.9315550277265342,121.57915670002694,0,0
i05o_m5,random,11,20,0,1.0,0.8663487937368461,0.8823999940997101,0.053078523126274944,0.03878973866667173,0.8307804232601985,0.8823786632640769,0.8823999940997101,160.21562700002687,0,0
i05o_m5,random,12,20,0,1.0,0.8414178537858015,0.8624859768974454,0.07367718149827154,0.05633410467780753,0.8211080764170776,0.8413252458038762,0.8624859768974454,153.30998950001958,0,0
i05o_m5,random,13,20,0,1.0,0.8703351556889544,0.8860321207059434,0.05185420891946569,0.04108002987187096,0.8220101244364983,0.8849338123063248,0.8860321207059434,148.45534449999104,0,0
i05o_m5,random_seed,11,20,0,1.0,0.8702615150563988,0.8824814748817201,0.05028429855354364,0.03878973866667173,0.8314485751834765,0.8824601440460867,0.8824814748817201,154.38888480003516,0,0
i05o_m5,random_seed,12,20,0,1.0,0.8458862024343647,0.8626639734236904,0.07110336619832208,0.05633410467780753,0.8310093419364228,0.8427454667172586,0.8626639734236904,150.05069810003624,0,0
i05o_m5,random_seed,13,20,0,1.0,0.8724665493073577,0.8860321207059434,0.05010510473859976,0.04108002987187096,0.8310093419364228,0.8849338123063248,0.8860321207059434,160.19125799999165,0,0
i06o_m6,parego,11,20,0,1.0,0.9100944626557957,0.9390579847439395,0.033545841260952704,0.013034564393301027,0.8444145368551331,0.9390579847439395,0.9390579847439395,79.7934663000051,0,0
i06o_m6,parego,12,20,0,1.0,0.8888770932976398,0.9364812860127406,0.04373176686586734,0.004565371948516245,0.8621625445609586,0.8621631706080674,0.9364812860127406,70.2772073999804,0,0
i06o_m6,parego,13,20,0,1.0,0.8719901461188426,0.9178448763711406,0.055563538110251554,0.020046429836505338,0.8524412997093929,0.8753910812335961,0.9178448763711406,74.97932099997706,0,0
i06o_m6,parego_seed,11,20,0,1.0,0.8995657199595684,0.9391695260714575,0.03719260798703798,0.006238498531776138,0.8449773748247283,0.9358000188481712,0.9391695260714575,78.43937390002247,0,0
i06o_m6,parego_seed,12,20,0,1.0,0.8703926311056758,0.8822301404526871,0.05638565569091286,0.044831724771725305,0.8568350751013634,0.8822301404526871,0.8822301404526871,73.86771959997714,0,0
i06o_m6,parego_seed,13,20,0,1.0,0.8603384848865132,0.8661576540054235,0.0660657972927413,0.060525238494741535,0.8499605305271983,0.8661377013493694,0.8661576540054235,75.8893860999815,0,0
i06o_m6,qlogehvi_mixed,11,20,0,1.0,0.8763333010835883,0.8904382470119522,0.05086493101560442,0.03741119951464085,0.874449675599074,0.8904382470119522,0.8904382470119522,84.99185209997813,0,0
i06o_m6,qlogehvi_mixed,12,20,0,1.0,0.9072817921777335,0.9304129364204918,0.03212473570309245,0.015795727253027792,0.8612930600399069,0.930355937899851,0.9304129364204918,113.00717240000085,0,0
i06o_m6,qlogehvi_mixed,13,20,0,1.0,0.903060086886791,0.9423074877412915,0.034284012798107576,0.008764482729538118,0.8519654375075408,0.88348234679937,0.9423074877412915,92.73066619993187,0,0
i06o_m6,qlogehvi_mixed_seed,11,20,0,1.0,0.8962171817615106,0.9266496464553601,0.03868783986318608,0.017294828325944853,0.8449775030920343,0.9092191701776069,0.9266496464553601,100.77488680001989,0,0
i06o_m6,qlogehvi_mixed_seed,12,20,0,1.0,0.9074159755203631,0.930355937899851,0.03375126693845989,0.017225082073636273,0.8442723761087239,0.930355937899851,0.930355937899851,121.02730620000511,0,0
i06o_m6,qlogehvi_mixed_seed,13,20,0,1.0,0.8846392648290339,0.937639823196313,0.0488285082972946,0.0135978673970432,0.8450156752451659,0.8794379680820098,0.937639823196313,108.44398039999942,0,0
i06o_m6,random,11,20,0,1.0,0.8741062796219377,0.8853124324662144,0.05233178196851817,0.04138553133413055,0.8586721457129437,0.8853013417644481,0.8853124324662144,138.96296309998434,0,0
i06o_m6,random,12,20,0,1.0,0.8701276375930874,0.8758326465809496,0.05669288437845498,0.05137196416378352,0.8612930600399069,0.8758326465809496,0.8758326465809496,134.34748570001102,0,0
i06o_m6,random,13,20,0,1.0,0.8741820206832418,0.894850988369193,0.05332985066721214,0.03482538961593136,0.8519626097456229,0.8728010550718798,0.894850988369193,141.77247769993846,0,0
i06o_m6,random_seed,11,20,0,1.0,0.8763110771462146,0.8853124324662144,0.05021836741312743,0.04138553133413055,0.8586721457129437,0.8853013417644481,0.8853124324662144,143.7603484999854,0,0
i06o_m6,random_seed,12,20,0,1.0,0.8656460320200078,0.8758326465809496,0.061156378652384526,0.05137196416378352,0.8442723761087239,0.8758326465809496,0.8758326465809496,145.93811090002418,0,0
i06o_m6,random_seed,13,20,0,1.0,0.8723597509554736,0.894850988369193,0.055138190763104986,0.03482538961593136,0.8443227335890342,0.8727923477879285,0.894850988369193,139.37870439996186,0,0
i07o_m7,parego,11,17,3,0.85,0.8443412254203387,0.9109845883294344,0.05289239369482324,0.012846871523703247,0.8205748918513207,0.9005389422276704,0.9109845883294344,82.12896679998084,2,1
i07o_m7,parego,12,17,3,0.85,0.860262450277119,0.9109845883294344,0.06138264505932253,0.012846871523703247,0.791555839057491,0.8427262929795927,0.9109845883294344,110.37158590000763,3,0
i07o_m7,parego,13,19,1,0.95,0.876255311272251,0.9194040522745912,0.04565706475980078,0.004387519460608425,0.8219452397088026,0.8903859107074028,0.9194040522745912,105.08377309999196,1,0
i07o_m7,parego_seed,11,19,1,0.95,0.8722727519294718,0.9159787920089978,0.05039551541125534,0.008293396830699695,0.829837568663596,0.9008424749651349,0.9159787920089978,103.11972149997018,1,0
i07o_m7,parego_seed,12,18,2,0.9,0.8516849696365656,0.8924539863356654,0.07046699960282153,0.03097828897816666,0.814854380731446,0.8477719334806875,0.8924539863356654,102.80559910004376,2,0
i07o_m7,parego_seed,13,19,1,0.95,0.8464293345792214,0.8769944521488799,0.0753503428073382,0.045574390020263617,0.814854380731446,0.8473625590167423,0.8769944521488799,100.79756550004822,1,0
i07o_m7,qlogehvi_mixed,11,18,2,0.9,0.8634322583315667,0.9246658838417062,0.03488682290004426,9.027041541659278e-05,0.8205748918513207,0.9223686674579061,0.9246658838417062,140.94576340001367,2,0
i07o_m7,qlogehvi_mixed,12,18,2,0.9,0.8784492190396533,0.9246658838417062,0.04409455462504325,9.027041541659278e-05,0.791555839057491,0.9222531043607958,0.9246658838417062,143.22398359999352,2,0
i07o_m7,qlogehvi_mixed,13,19,1,0.95,0.8887552759964437,0.9246679574105462,0.03436763549778755,3.632470120053549e-05,0.8112581609424739,0.9246110481792136,0.9246679574105462,142.9808086000703,1,0
i07o_m7,qlogehvi_mixed_seed,11,19,1,0.95,0.832965908404136,0.8461563976509979,0.08911706950663045,0.0772877462039812,0.8205748918513207,0.836147358648177,0.8461563976509979,151.93077210000774,1,0
i07o_m7,qlogehvi_mixed_seed,12,18,2,0.9,0.8986360293365543,0.9246669877564619,0.02509405201349841,3.9630356748306594e-05,0.8150382377498341,0.9246110481792136,0.9246669877564619,166.1357329000166,2,0
i07o_m7,qlogehvi_mixed_seed,13,19,1,0.95,0.8981124480849939,0.9251163720421223,0.025625977648354732,4.3295075890371825e-05,0.814854380731446,0.9247248455255986,0.9251163720421223,154.83160130000033,1,0
i07o_m7,random,11,16,4,0.8,0.8041920143299126,0.8364423937519143,0.09205573160179806,0.08508800827353627,0.8205748918513207,0.8364414467042792,0.8364423937519143,184.50910229999863,4,0
i07o_m7,random,12,13,7,0.65,0.7988798832501387,0.8448731936508592,0.12019253654955386,0.07485426618990296,0.791555839057491,0.791555839057491,0.8448731936508592,185.31582299999718,7,0
i07o_m7,random,13,15,5,0.75,0.8421003252629226,0.8651129225842403,0.0783466081725728,0.0570114053430262,0.8112774164144315,0.8436526108043647,0.8651129225842403,183.5891620999464,5,0
i07o_m7,random_seed,11,17,3,0.85,0.829425758726501,0.8364423937519143,0.09188616308639877,0.08508800827353627,0.8205748918513207,0.8364414467042792,0.8364423937519143,193.71222479999415,3,0
i07o_m7,random_seed,12,13,7,0.65,0.8172758641453811,0.8455265039746241,0.10324982321198681,0.07485426618990296,0.814854380731446,0.814854380731446,0.8455265039746241,189.915210200008,7,0
i07o_m7,random_seed,13,15,5,0.75,0.8433365047430147,0.8651129225842403,0.07783441557342988,0.0570114053430262,0.814854380731446,0.8443676866659305,0.8651129225842403,177.54671469997265,5,0
i08o_m8,parego,11,19,1,0.95,0.7196814644024085,0.7851369623704223,0.07620099937639034,0.013677266813189499,0.7032841347905624,0.7708181788036532,0.7851369623704223,162.5556403999799,1,0
i08o_m8,parego,12,20,0,1.0,0.7153539612456004,0.8016406028472939,0.07829730185979089,0.00750949839424496,0.6139979198395413,0.7099596936899037,0.8016406028472939,162.51252270002442,0,0
i08o_m8,parego,13,19,1,0.95,0.7380382887104239,0.7949102061454901,0.057036164742739294,0.008258552940430893,0.6132469910113172,0.7907596402106768,0.7949102061454901,175.7807957999612,1,0
i08o_m8,parego_seed,11,19,1,0.95,0.7088927759219508,0.7747058071735506,0.058989776033937055,0.017660384091916583,0.7032841347905624,0.7418386185547623,0.7747058071735506,104.32900200004224,1,0
i08o_m8,parego_seed,12,18,2,0.9,0.6910323182024396,0.8158318569677963,0.08966350996078605,0.005138144382801512,0.6139979198395413,0.7631837501850036,0.8158318569677963,119.95812580003985,2,0
i08o_m8,parego_seed,13,17,3,0.85,0.6466225471778234,0.739845859101414,0.11669411261507111,0.048336836468620234,0.6037213764913191,0.6128283586942149,0.739845859101414,114.0011939999531,3,0
i08o_m8,qlogehvi_mixed,11,19,1,0.95,0.72912406723302,0.8334376365930638,0.08183635254075511,0.011767657268308638,0.7088273256630857,0.7088273256630857,0.8334376365930638,121.55893610003113,1,0
i08o_m8,qlogehvi_mixed,12,20,0,1.0,0.7376457366843013,0.8040135800747704,0.0628863728651028,0.006795836837289906,0.6139979198395413,0.7986030574843616,0.8040135800747704,131.92433009998058,0,0
i08o_m8,qlogehvi_mixed,13,19,1,0.95,0.7639426347490079,0.8143683059129477,0.04854237577571688,0.006128651635341892,0.6036200679054511,0.8141445076143305,0.8143683059129477,141.80349210000713,1,0
i08o_m8,qlogehvi_mixed_seed,11,18,2,0.9,0.7347767912166171,0.802907105723652,0.045416837283575505,0.008074046008479373,0.7032841347905624,0.8028354204023541,0.802907105723652,164.33472389999952,2,0
i08o_m8,qlogehvi_mixed_seed,12,19,1,0.95,0.6903595422731738,0.7975559682566545,0.09637234926606639,0.01480160941545236,0.6663938111691028,0.7806999315200284,0.7975559682566545,115.62335440001334,1,0
i08o_m8,qlogehvi_mixed_seed,13,18,2,0.9,0.6966500232721454,0.7918133391745736,0.0787072310002771,0.014954216561093367,0.6036200679054511,0.7446522354259789,0.7918133391745736,145.3821014000132,2,0
i08o_m8,random,11,20,0,1.0,0.6919195634802238,0.732167330525671,0.09831594159357766,0.05595833124604896,0.7032841347905624,0.732167330525671,0.732167330525671,198.7937122999865,0,0
i08o_m8,random,12,20,0,1.0,0.6283992071739112,0.6625125850849788,0.153082972172459,0.12381359177510982,0.6139979198395413,0.6243277839755911,0.6625125850849788,188.97422050002206,0,0
i08o_m8,random,13,20,0,1.0,0.660179052300892,0.7612710834093513,0.12475706874462338,0.03213456295986457,0.6036200679054511,0.6435746307546985,0.7612710834093513,201.64936399993894,0,0
i08o_m8,random_seed,11,19,1,0.95,0.690711346679487,0.732167330525671,0.07473451852389905,0.05595833124604896,0.7032841347905624,0.732167330525671,0.732167330525671,223.4372418999992,1,0
i08o_m8,random_seed,12,19,1,0.95,0.5859461338005442,0.6625125850849788,0.1810934684878772,0.12381359177510982,0.6139979198395413,0.6243277839755911,0.6625125850849788,212.8444174000324,1,0
i08o_m8,random_seed,13,19,1,0.95,0.6161240976166151,0.6435746307546985,0.1464037613831111,0.14023020180802365,0.6036200679054511,0.6435746307546985,0.6435746307546985,179.74527080000553,1,0
i09o_m9,parego,11,20,0,1.0,0.8156516238602192,0.9219335513811319,0.1411023045797724,0.03818960586217936,0.8197173474443834,0.8209683656603819,0.9219335513811319,84.61365269999078,0,0
i09o_m9,parego,12,18,2,0.9,0.8661383527793978,0.9347504123101198,0.09269555445044632,0.026186246564112038,0.7497756712886154,0.8974889383558506,0.9347504123101198,78.43362590002653,1,1
i09o_m9,parego,13,20,0,1.0,0.9251399818690699,0.947979134715909,0.034607963345858694,0.013496268723461857,0.9053965306705767,0.9474725811084077,0.947979134715909,81.61410610003804,0,0
i09o_m9,parego_seed,11,20,0,1.0,0.895850735503619,0.9579748973852328,0.06346428376098981,0.0034394975044658867,0.8509099006233667,0.9342166876888518,0.9579748973852328,77.03720969994902,0,0
i09o_m9,parego_seed,12,17,3,0.85,0.8453733653427761,0.9577171299114559,0.1122943102149554,0.00346702224653906,0.7969983928768749,0.8320530427384806,0.9577171299114559,78.54779660001805,3,0
i09o_m9,parego_seed,13,20,0,1.0,0.893474415853845,0.9581040858806923,0.06537747234858972,0.0036139395666814483,0.7777231325215999,0.9287171452504617,0.9581040858806923,77.535722500048,0,0
i09o_m9,qlogehvi_mixed,11,19,1,0.95,0.869582403602724,0.94652495355249,0.0888294478817008,0.014778198848794643,0.8456087654671934,0.8915585249996869,0.94652495355249,93.40196229996218,1,0
i09o_m9,qlogehvi_mixed,12,19,1,0.95,0.8825523013422923,0.9617010241405893,0.07811034538619703,0.003147123296986356,0.7499012750742887,0.9363004049174711,0.9617010241405893,87.90296160000435,1,0
i09o_m9,qlogehvi_mixed,13,20,0,1.0,0.9377808809982313,0.962165330048153,0.024972498762768316,0.00293148176261375,0.9251995030673714,0.9616052763885016,0.962165330048153,89.2329127999983,0,0
i09o_m9,qlogehvi_mixed_seed,11,20,0,1.0,0.9171878767268282,0.9615106677653692,0.044207953340375666,0.003221316932297382,0.8197173474443834,0.9592664161406368,0.9615106677653692,101.33821240001998,0,0
i09o_m9,qlogehvi_mixed_seed,12,19,1,0.95,0.9069023229742533,0.9617043166610583,0.05566357352256281,0.0030489684217933654,0.7623706832983564,0.9616191749468873,0.9617043166610583,95.46997690001444,1,0
i09o_m9,qlogehvi_mixed_seed,13,20,0,1.0,0.9210143033283098,0.9722234114300738,0.05207375677321541,0.0007808367823146022,0.8001041738433722,0.9722215830474528,0.9722234114300738,97.81797670001106,0,0
i09o_m9,random,11,19,1,0.95,0.8457501220831026,0.9066970582414356,0.11164149720884292,0.05366754312051186,0.8197173474443834,0.9058458991940896,0.9066970582414356,160.06747650000034,1,0
i09o_m9,random,12,18,2,0.9,0.781719135720627,0.8465701562869188,0.17477977259271632,0.11124252993774426,0.7497756712886154,0.7946713497175009,0.8465701562869188,151.4968270999525,2,0
i09o_m9,random,13,20,0,1.0,0.8899586239585776,0.9396126954720979,0.06857981505275422,0.021793884278565902,0.8438458636838054,0.8902194377936455,0.9396126954720979,160.38317499993718,0,0
i09o_m9,random_seed,11,19,1,0.95,0.8641650825880518,0.9066970582414356,0.09417729734188592,0.05366754312051186,0.8197173474443834,0.9058458991940896,0.9066970582414356,152.476963299996,1,0
i09o_m9,random_seed,12,18,2,0.9,0.7893676614333206,0.8465701562869188,0.16697303447300388,0.11124252993774426,0.7623706832983564,0.7947012174137646,0.8465701562869188,147.17820299997402,2,0
i09o_m9,random_seed,13,20,0,1.0,0.8704662196158959,0.9396126954720979,0.08815600037308569,0.021793884278565902,0.7623039177561285,0.8902194377936455,0.9396126954720979,144.80048780000652,0,0
i10o_simp,parego,11,20,0,1.0,0.9363636363636365,0.9363636363636364,0.009614754992906248,0.009614754992906246,0.9363636363636364,0.9363636363636364,0.9363636363636364,100.86892029998126,0,0
i10o_simp,parego,12,20,0,1.0,0.9223390353216026,0.9321822943035362,0.023225902687901506,0.013805784039933986,0.916811826539043,0.9180397818443672,0.9321822943035362,111.06264800003555,0,0
i10o_simp,parego,13,20,0,1.0,0.9289455346171936,0.9380578332577206,0.016854392225970977,0.007935329987249672,0.9137875644484285,0.9287749287749287,0.9380578332577206,115.0899875999894,0,0
i10o_simp,parego_seed,11,20,0,1.0,0.9129433512689598,0.9321408266488148,0.03288924207043984,0.013805784039933986,0.9001345347419971,0.9100309955445584,0.9321408266488148,64.36031069997989,0,0
i10o_simp,parego_seed,12,20,0,1.0,0.916608352459937,0.928125,0.0291409396817791,0.01785339135654261,0.9151515151515152,0.9151515151515152,0.928125,61.98651770000288,0,0
i10o_simp,parego_seed,13,20,0,1.0,0.920178022312675,0.937290916877348,0.025592136641304563,0.008716535682799125,0.9103772426805518,0.9146919431279621,0.937290916877348,63.53202349998173,0,0
i10o_simp,qlogehvi_mixed,11,20,0,1.0,0.9365204871454142,0.9423239660711903,0.009462997497234693,0.003847970157387181,0.9363636363636364,0.9363636363636364,0.9423239660711903,75.42535070003942,0,0
i10o_simp,qlogehvi_mixed,12,20,0,1.0,0.9258450738673155,0.9383482214285707,0.019857245120907824,0.007666346450535183,0.9239819004524887,0.9249750353008623,0.9383482214285707,80.3832107000344,0,0
i10o_simp,qlogehvi_mixed,13,20,0,1.0,0.9224796384859895,0.9329091937990205,0.023307833184962778,0.013083504539549597,0.9137875644484285,0.9206838804325085,0.9329091937990205,79.1352096999617,0,0
i10o_simp,qlogehvi_mixed_seed,11,20,0,1.0,0.9240589287760699,0.9459783913565426,0.02181416114941778,0.0,0.9001345347419971,0.9328649492583919,0.9459783913565426,75.72201609998592,0,0
i10o_simp,qlogehvi_mixed_seed,12,20,0,1.0,0.9247483976696355,0.9378980891719745,0.02092664822870475,0.008080302184568094,0.8995099988863046,0.9337423312883435,0.9378980891719745,76.37594739998167,0,0
i10o_simp,qlogehvi_mixed_seed,13,20,0,1.0,0.9079805865640799,0.9331921264616007,0.0377846690415297,0.012799786740635508,0.900934219189387,0.9122055674518201,0.9331921264616007,77.4704527999711,0,0
i10o_simp,random,11,20,0,1.0,0.9363636363636365,0.9363636363636364,0.009614754992906248,0.009614754992906246,0.9363636363636364,0.9363636363636364,0.9363636363636364,121.1072123000049,0,0
i10o_simp,random,12,20,0,1.0,0.9205113583917983,0.9265156746921784,0.024712990063624655,0.01948221610442072,0.916811826539043,0.9168444013596089,0.9265156746921784,118.87071220000507,0,0
i10o_simp,random,13,20,0,1.0,0.9217388872738094,0.9307207837648706,0.02407396660458312,0.015257607591672079,0.9137875644484285,0.9234430000965747,0.9307207837648706,118.86888779999572,0,0
i10o_simp,random_seed,11,20,0,1.0,0.9191167502710358,0.9257713491048742,0.026802151220053,0.020290865960550835,0.9083607447535404,0.9257708798641405,0.9257713491048742,110.28783299996576,0,0
i10o_simp,random_seed,12,20,0,1.0,0.9115820743862764,0.9265156746921784,0.03369209627649576,0.01948221610442072,0.8990822986313955,0.9036972064763378,0.9265156746921784,112.08171659999061,0,0
i10o_simp,random_seed,13,20,0,1.0,0.9170289682745442,0.9307207837648706,0.0287478839135897,0.015257607591672079,0.9000070242385274,0.9234294323477727,0.9307207837648706,115.90588120004395,0,0
i11o_s1,parego,11,20,0,1.0,0.9505718082476043,0.9582106314542136,0.007137240056043825,0.005486227670744031,0.949646615311393,0.9515319670242941,0.9582106314542136,74.02270819997648,0,0
i11o_s1,parego,12,20,0,1.0,0.9275089380176205,0.9486282470800379,0.018715115928833823,0.006761631177496546,0.9154583535063997,0.9418977089194878,0.9486282470800379,66.3970762000099,0,0
i11o_s1,parego,13,20,0,1.0,0.9225766261455589,0.9424627957921343,0.024264367538741317,0.009187614698559199,0.8902455916514397,0.9415509111375125,0.9424627957921343,67.47397860004276,0,0
i11o_s1,parego_seed,11,20,0,1.0,0.9453481135072582,0.9499797725955942,0.010806368386738194,0.00695832687076757,0.949482815132643,0.9496590260293045,0.9499797725955942,67.8767741999909,0,0
i11o_s1,parego_seed,12,20,0,1.0,0.9293448077220674,0.9521570701313923,0.018289813462320358,0.006456756391228763,0.9294508624604957,0.9419120671004461,0.9521570701313923,68.11889120000706,0,0
i11o_s1,parego_seed,13,20,0,1.0,0.9175801394694357,0.9376455909824849,0.02411353164126147,0.008135155621953844,0.9189058435006477,0.9193562080400589,0.9376455909824849,66.13321660000656,0,0
i11o_s1,qlogehvi_mixed,11,20,0,1.0,0.9550683996371563,0.9610951013871921,0.00770726107534947,0.0065401601734303505,0.9496153707899754,0.9592728436413588,0.9610951013871921,78.29325440003595,0,0
i11o_s1,qlogehvi_mixed,12,20,0,1.0,0.9248128178901178,0.9348211072880821,0.015948906169485983,0.008208558881031584,0.9234186153675719,0.9298347561900151,0.9348211072880821,102.14205899996159,0,0
i11o_s1,qlogehvi_mixed,13,20,0,1.0,0.9046026998745088,0.9149942666975364,0.03428439666358651,0.024725942628747024,0.8893601936712957,0.9119986444859175,0.9149942666975364,82.06091540004127,0,0
i11o_s1,qlogehvi_mixed_seed,11,20,0,1.0,0.9453686897103432,0.9513965224829907,0.012033550287907502,0.006324519254666092,0.9494324545794716,0.9496604654013956,0.9513965224829907,106.04377730000124,0,0
i11o_s1,qlogehvi_mixed_seed,12,20,0,1.0,0.9261912537755719,0.9504322496689951,0.018700375067740558,0.003592758138166424,0.9158413489429866,0.9288753352686775,0.9504322496689951,105.64455250004539,0,0
i11o_s1,qlogehvi_mixed_seed,13,20,0,1.0,0.886101909092569,0.9153500304299009,0.052903805101596216,0.024511943529444878,0.8716275768348676,0.8843134557522553,0.9153500304299009,101.79146160004893,0,0
i11o_s1,random,11,20,0,1.0,0.9491830557159752,0.9507459794588521,0.007230241395254941,0.0061892766366084965,0.9496153707899754,0.9506861001650981,0.9507459794588521,117.34553710000182,0,0
i11o_s1,random,12,20,0,1.0,0.9225547356907043,0.9354537062473665,0.019584430163281562,0.010499761599162773,0.9154583535063997,0.9257955444610051,0.9354537062473665,119.58003679997637,0,0
i11o_s1,random,13,20,0,1.0,0.9042944276785516,0.9274591175288467,0.03443058866349583,0.013524272344402817,0.9061210310908011,0.9067412908409022,0.9274591175288467,118.86928969998553,0,0
i11o_s1,random_seed,11,20,0,1.0,0.945765793867792,0.9506651860487548,0.01078828920433242,0.007055257666075358,0.9494324545794716,0.9506271685698182,0.9506651860487548,68.63268920002156,0,0
i11o_s1,random_seed,12,20,0,1.0,0.9196397839466666,0.9354537062473665,0.022637274718769976,0.010499761599162773,0.9154522006121253,0.9257955444610051,0.9354537062473665,136.91194620000897,0,0
i11o_s1,random_seed,13,20,0,1.0,0.9009940668439771,0.9274591175288467,0.03773120418537766,0.013524272344402817,0.9060949655635075,0.9067253353634779,0.9274591175288467,68.9884924000362,0,0
i14o_s7,parego,11,20,0,1.0,0.9233616551555629,0.9359741908568312,0.014210550409166176,0.0034306812288025204,0.9096599958693172,0.9356693806814546,0.9359741908568312,121.00133550004102,0,0
i14o_s7,parego,12,20,0,1.0,0.9120904271490022,0.9257918322844269,0.017659276000572124,0.005443036572709518,0.8976683133529121,0.9223827318377467,0.9257918322844269,123.62417330000608,0,0
i14o_s7,parego,13,19,1,0.95,0.8982171840647878,0.9354070978881336,0.03439885944577028,0.00189297347117454,0.8650604011083405,0.8813585293339048,0.9354070978881336,123.92188330001954,1,0
i14o_s7,parego_seed,11,20,0,1.0,0.9129941889361723,0.9251967916061702,0.017323407368810054,0.005786267574970197,0.9096599958693172,0.9096599958693172,0.9251967916061702,76.48716430003697,0,0
i14o_s7,parego_seed,12,20,0,1.0,0.9052512221053055,0.9267544195170232,0.0238558135770175,0.004899751899188177,0.8976683133529121,0.8977509646185794,0.9267544195170232,75.72777720003796,0,0
i14o_s7,parego_seed,13,20,0,1.0,0.898208481073701,0.9241482275352132,0.030664259683674838,0.00624221123698739,0.8794729509832805,0.8907874511697114,0.9241482275352132,69.54322130001674,0,0
i14o_s7,qlogehvi_mixed,11,20,0,1.0,0.9274231592792246,0.9340739133196121,0.006714684529958104,0.001819585268921182,0.9333158839787943,0.9340739017097361,0.9340739133196121,117.997664599985,0,0
i14o_s7,qlogehvi_mixed,12,20,0,1.0,0.9251314335197102,0.9345277989333078,0.00983270026365776,0.002082213706028904,0.9343788320170586,0.9345277989333078,0.9345277989333078,90.19878440002503,0,0
i14o_s7,qlogehvi_mixed,13,20,0,1.0,0.8803880192052054,0.9314758330764479,0.04900889900838807,0.004299635565025812,0.8626320728807471,0.8713221030129926,0.9314758330764479,78.37845600000583,0,0
i14o_s7,qlogehvi_mixed_seed,11,20,0,1.0,0.9260508377329247,0.9348833556705041,0.008612110011600194,0.0018448054475369861,0.9096615178986234,0.9315689714666933,0.9348833556705041,115.48087379999924,0,0
i14o_s7,qlogehvi_mixed_seed,12,19,1,0.95,0.9135595683934498,0.9307587908707458,0.018225835593074675,0.0031620143907682566,0.9062268899371738,0.9074837877343465,0.9307587908707458,82.758294499974,1,0
i14o_s7,qlogehvi_mixed_seed,13,20,0,1.0,0.8996874414817672,0.9312483620339571,0.03009472035906139,0.0030196205007372266,0.8799183873554328,0.8806766319552501,0.9312483620339571,118.3065404999943,0,0
i14o_s7,random,11,20,0,1.0,0.9075465666743004,0.9096599958693172,0.022654779830042767,0.021661208079672995,0.9096599958693172,0.9096599958693172,0.9096599958693172,127.88350810002885,0,0
i14o_s7,random,12,20,0,1.0,0.908583245183573,0.9167097458708369,0.02107568936622201,0.01418048302491517,0.8976683133529121,0.9164829910751916,0.9167097458708369,124.44709579998744,0,0
i14o_s7,random,13,20,0,1.0,0.8953247876531971,0.9358470743684295,0.034832420923545125,0.005092665179859025,0.8867600608703321,0.8876928590079088,0.9358470743684295,124.97557529997721,0,0
i14o_s7,random_seed,11,20,0,1.0,0.9081471702867367,0.9096599958693172,0.022360144253177356,0.021661208079672995,0.9096599958693172,0.9096599958693172,0.9096599958693172,115.44266280000738,0,0
i14o_s7,random_seed,12,20,0,1.0,0.9085634874442009,0.9167097458708369,0.02121513360425774,0.01418048302491517,0.8976683133529121,0.9164829910751916,0.9167097458708369,117.96414339997864,0,0
i14o_s7,random_seed,13,20,0,1.0,0.898175275230548,0.9358470743684295,0.031714533758111764,0.005092665179859025,0.8859054725297038,0.8877300125006469,0.9358470743684295,118.78894420000142,0,0
i17o_s20,parego,11,20,0,1.0,0.8879392736549677,0.9229495658855581,0.038472153050588036,0.00693479533777677,0.8491265196287971,0.9225785946765324,0.9229495658855581,122.7456137999834,0,0
i17o_s20,parego,12,19,1,0.95,0.8665540630056848,0.8735540161440868,0.05647870541674314,0.049937818210219496,0.8451220561754114,0.8730236440749424,0.8735540161440868,101.51215270003013,1,0
i17o_s20,parego,13,20,0,1.0,0.8759775864581141,0.9200132678966213,0.048053507756800305,0.00925042269481112,0.8577406894267819,0.8579043294721802,0.9200132678966213,113.59204789996147,0,0
i17o_s20,parego_seed,11,19,1,0.95,0.862566144868136,0.8763638368970998,0.06044185665914697,0.04686757471938665,0.8491263865829477,0.8651343829514891,0.8763638368970998,79.30483720000484,1,0
i17o_s20,parego_seed,12,20,0,1.0,0.8844998703304536,0.9240081616216089,0.041042460566490496,0.00604305732157562,0.8473890266546095,0.8940277529961251,0.9240081616216089,83.09816020001017,0,0
i17o_s20,parego_seed,13,20,0,1.0,0.8926739076512267,0.9252806521194763,0.03363791052953109,0.00496413350842828,0.8724401834347084,0.905036632806208,0.9252806521194763,73.91033429995878,0,0
i17o_s20,qlogehvi_mixed,11,20,0,1.0,0.9089756981395307,0.9271504132308294,0.019829465352062415,0.0037027664228272013,0.9239185295873455,0.9263854876808874,0.9271504132308294,116.00092800000857,0,0
i17o_s20,qlogehvi_mixed,12,20,0,1.0,0.8964511973918134,0.9274690393829177,0.03117312016976757,0.003775345148848602,0.8451220561754114,0.9272265469136333,0.9274690393829177,103.48123139998643,0,0
i17o_s20,qlogehvi_mixed,13,20,0,1.0,0.8819588609473819,0.8945478093995753,0.04197080583431486,0.030173071117232945,0.8571668644244856,0.8914300736067298,0.8945478093995753,81.53372460001265,0,0
i17o_s20,qlogehvi_mixed_seed,11,20,0,1.0,0.9029010508405027,0.9281616048817056,0.025960565818626834,0.003680230640030578,0.8491263865829477,0.9258090512720729,0.9281616048817056,116.65534060001664,0,0
i17o_s20,qlogehvi_mixed_seed,12,20,0,1.0,0.8908178192394907,0.9301877831423907,0.036715628740146965,0.0033182252353923525,0.8351011706943151,0.8894292654995304,0.9301877831423907,102.7709461999766,0,0
i17o_s20,qlogehvi_mixed_seed,13,20,0,1.0,0.891377962624071,0.929647014127674,0.03597609239250993,0.003534864846195364,0.8349241323677736,0.8914936462294053,0.929647014127674,94.0704297000193,0,0
i17o_s20,random,11,20,0,1.0,0.8673967476555259,0.8790205722327108,0.05571982433885274,0.04469163809242635,0.8491263865829477,0.8790205722327108,0.8790205722327108,151.68964009998308,0,0
i17o_s20,random,12,19,1,0.95,0.850547690704448,0.8590689346456013,0.07223518263852757,0.06407828647673575,0.8451220561754114,0.8451756341032683,0.8590689346456013,148.6459160999948,1,0
i17o_s20,random,13,20,0,1.0,0.8714847192568326,0.9054079306479599,0.052591711616911695,0.02101791343025923,0.8565835892728351,0.8582044700176554,0.9054079306479599,149.6800064999843,0,0
i17o_s20,random_seed,11,20,0,1.0,0.8686027942476365,0.8790205722327108,0.05484713166582372,0.04469163809242635,0.8491263865829477,0.8790205722327108,0.8790205722327108,150.39109319997078,0,0
i17o_s20,random_seed,12,19,1,0.95,0.8445747218188021,0.8590689346456013,0.07793924410814705,0.06407828647673575,0.8349401502223524,0.8357677652671751,0.8590689346456013,144.0633155000105,1,0
i17o_s20,random_seed,13,20,0,1.0,0.864218272927378,0.9054079306479599,0.059793268344952744,0.02101791343025923,0.8348189741626938,0.8539413711995266,0.9054079306479599,145.07505210004456,0,0
n11o_limit_cycle,parego,11,20,0,1.0,0.9567345212291527,0.9691250892109144,0.02917113254722023,0.016896253380383135,0.9412780656303973,0.9660194174757282,0.9691250892109144,62.11635689991817,0,0
n11o_limit_cycle,parego,12,20,0,1.0,0.9623758088620291,0.9716506630086877,0.02348584433510562,0.01429781474306874,0.9576271186440678,0.9580139953348884,0.9716506630086877,62.24444430002768,0,0
n11o_limit_cycle,parego,13,20,0,1.0,0.9538566633670178,0.9683698296836983,0.03199385369211747,0.017578648068058145,0.9509433962264151,0.9681818181818181,0.9683698296836983,60.244247099995846,0,0
n11o_limit_cycle,parego_seed,11,20,0,1.0,0.9572363090923656,0.9691234719125206,0.028588345674265502,0.01691047978377056,0.9412780656303973,0.9660194174757282,0.9691234719125206,60.94239340002241,0,0
n11o_limit_cycle,parego_seed,12,20,0,1.0,0.961083456779133,0.9731958762886598,0.024676806489295572,0.012752601463096645,0.9576271186440678,0.9580139953348884,0.9731958762886598,61.406127399997786,0,0
n11o_limit_cycle,parego_seed,13,20,0,1.0,0.958290368380354,0.9731958762886598,0.027549044775711108,0.012752601463096645,0.9509433962264151,0.9731958762886598,0.9731958762886598,60.39380229996459,0,0
n11o_limit_cycle,qlogehvi_mixed,11,20,0,1.0,0.9636521231504914,0.9744245524296675,0.022247778138549307,0.01152392532208892,0.9541062801932367,0.9744245524296675,0.9744245524296675,78.2318845000409,0,0
n11o_limit_cycle,qlogehvi_mixed,12,20,0,1.0,0.9686417682159942,0.9820051413881749,0.017268466825722535,0.003943336363581634,0.9576271186440678,0.9768736001069769,0.9820051413881749,74.61084680000204,0,0
n11o_limit_cycle,qlogehvi_mixed,13,20,0,1.0,0.9627518283455114,0.9769230769230769,0.02309868871362339,0.009025400828679518,0.9509433962264151,0.9769230769230769,0.9769230769230769,73.50966490000428,0,0
n11o_limit_cycle,qlogehvi_mixed_seed,11,20,0,1.0,0.9398299153639775,0.9563262684649968,0.045987991459664014,0.029622209286759647,0.9412780656303973,0.9412780656303973,0.9563262684649968,89.14318210001511,0,0
n11o_limit_cycle,qlogehvi_mixed_seed,12,20,0,1.0,0.9591671046219983,0.9782501895699166,0.026595105348368193,0.007705013152170992,0.9576271186440678,0.9576271186440678,0.9782501895699166,86.97885149998183,0,0
n11o_limit_cycle,qlogehvi_mixed_seed,13,20,0,1.0,0.9553444476067746,0.9683698296836983,0.03049496554929033,0.017578648068058145,0.9509433962264151,0.9660194174757282,0.9683698296836983,87.03212020001956,0,0
n11o_limit_cycle,random,11,20,0,1.0,0.939048818890276,0.9418181818181818,0.04685108239876455,0.04413029593357462,0.9412780656303973,0.9418181818181818,0.9418181818181818,120.75982900000236,0,0
n11o_limit_cycle,random,12,20,0,1.0,0.9710646442366979,0.9859484777517564,0.014797008960436465,0.0,0.9707112970711297,0.9707112970711297,0.9859484777517564,112.18007320002653,0,0
n11o_limit_cycle,random,13,20,0,1.0,0.9570925923877822,0.9740820734341252,0.02875792467135304,0.01186640431763117,0.9509433962264151,0.9740820734341252,0.9740820734341252,111.35434390003502,0,0
n11o_limit_cycle,random_seed,11,20,0,1.0,0.9389403846123899,0.9418181818181818,0.04687752221125145,0.04413029593357462,0.9412780656303973,0.9418181818181818,0.9418181818181818,114.02192119996471,0,0
n11o_limit_cycle,random_seed,12,20,0,1.0,0.9682819661625632,0.9859484777517564,0.017478297105865057,0.0,0.9707112970711297,0.9707112970711297,0.9859484777517564,108.61025180002616,0,0
n11o_limit_cycle,random_seed,13,20,0,1.0,0.9458085789913876,0.9740820734341252,0.04003083416467751,0.01186640431763117,0.9509433962264151,0.9509433962264151,0.9740820734341252,85.64464399998542,0,0
n12o_limit_cycle_genus0,parego,11,20,0,1.0,0.9266979247237529,0.9286547462475087,0.017307724893514786,0.015416114291251065,0.9286469146492562,0.9286469577159135,0.9286547462475087,64.81750500005728,0,0
n12o_limit_cycle_genus0,parego,12,20,0,1.0,0.9332789075639724,0.9437428243398392,0.010608324429124051,0.0003249722703302302,0.923294800418542,0.9313274573342205,0.9437428243398392,64.27246789998026,0,0
n12o_limit_cycle_genus0,parego,13,20,0,1.0,0.8994940664895731,0.9434210526315789,0.04443396655076,0.0006467439785905471,0.905829596412556,0.905829596412556,0.9434210526315789,62.3267288999632,0,0
n12o_limit_cycle_genus0,parego_seed,11,20,0,1.0,0.9263595938031901,0.9286532052757225,0.017643024716557966,0.015416114291251065,0.9286469146492562,0.9286469577159135,0.9286532052757225,64.05939119997493,0,0
n12o_limit_cycle_genus0,parego_seed,12,20,0,1.0,0.9125223643168764,0.9231907091293504,0.030869538588653312,0.020389361033462398,0.9228451334825755,0.9231904567643612,0.9231907091293504,62.587555199992494,0,0
n12o_limit_cycle_genus0,parego_seed,13,20,0,1.0,0.9098392964505745,0.9434210526315789,0.03411766740951707,0.0006467439785905471,0.905829596412556,0.905829596412556,0.9434210526315789,60.77213560002565,0,0
n12o_limit_cycle_genus0,qlogehvi_mixed,11,20,0,1.0,0.9274930960094404,0.9329782057088115,0.016515366341469738,0.011114739294435096,0.9286469146492562,0.9286469146492562,0.9329782057088115,77.57358840000234,0,0
n12o_limit_cycle_genus0,qlogehvi_mixed,12,20,0,1.0,0.9275331551427177,0.9317959781636005,0.01619532866650534,0.011993460383951899,0.9295467607069202,0.9295906490428265,0.9317959781636005,104.51875959994504,0,0
n12o_limit_cycle_genus0,qlogehvi_mixed,13,20,0,1.0,0.9235829746259749,0.9411247803163445,0.02034505841435831,0.0029430162938250265,0.905829596412556,0.9411247803163445,0.9411247803163445,77.03708179996465,0,0
n12o_limit_cycle_genus0,qlogehvi_mixed_seed,11,20,0,1.0,0.932755913976271,0.938015223434369,0.011251847411989098,0.006107442512659457,0.936436884512086,0.936436884512086,0.938015223434369,83.89287790001254,0,0
n12o_limit_cycle_genus0,qlogehvi_mixed_seed,12,20,0,1.0,0.9168196393013145,0.9305628616517623,0.02690401531702181,0.01350493495840726,0.9230287212853108,0.9296703296703297,0.9305628616517623,86.55400299999746,0,0
n12o_limit_cycle_genus0,qlogehvi_mixed_seed,13,20,0,1.0,0.9282264674485083,0.9440677966101695,0.01600983342104054,0.0,0.9265905383360522,0.9399438524560381,0.9440677966101695,75.3464898000093,0,0
n12o_limit_cycle_genus0,random,11,20,0,1.0,0.9267006824545702,0.9286567734690137,0.017307724893514786,0.015416114291251065,0.9286469146492562,0.9286567734690137,0.9286567734690137,111.267966600004,0,0
n12o_limit_cycle_genus0,random,12,20,0,1.0,0.9228185601572367,0.9247529727786012,0.02119215483447004,0.019415497911505673,0.9236570799791086,0.9236570799791086,0.9247529727786012,108.97392870001204,0,0
n12o_limit_cycle_genus0,random,13,20,0,1.0,0.9093512452267709,0.9351585014409222,0.034578690486505914,0.008909295169247301,0.905829596412556,0.9084036366512042,0.9351585014409222,112.48411020002095,0,0
n12o_limit_cycle_genus0,random_seed,11,20,0,1.0,0.9263648516221895,0.9286567734690137,0.017643024716557966,0.015416114291251065,0.9286469146492562,0.9286567734690137,0.9286567734690137,131.74745569999504,0,0
n12o_limit_cycle_genus0,random_seed,12,20,0,1.0,0.9132337948447528,0.9247406760126179,0.03058763084282373,0.019415497911505673,0.9236177731742903,0.9236306594456001,0.9247406760126179,129.9385363000183,0,0
n12o_limit_cycle_genus0,random_seed,13,20,0,1.0,0.9116717324479126,0.9351585014409222,0.032272662937224535,0.008909295169247301,0.905829596412556,0.9084036366512042,0.9351585014409222,109.57063590000325,0,0
s09o_bridge,parego,11,20,0,1.0,0.9248158355217853,0.9335863377609108,0.04289375560829527,0.034155597722960146,0.917590027700831,0.9335863377609108,0.9335863377609108,72.82587400001648,0,0
s09o_bridge,parego,12,20,0,1.0,0.9331832872919843,0.9441860465116279,0.034402990649959275,0.02355588897224306,0.9234869224596415,0.9441860465116279,0.9441860465116279,70.44317130000854,0,0
s09o_bridge,parego,13,20,0,1.0,0.9453937875970654,0.967741935483871,0.0221351619026823,0.0,0.9141882880890072,0.9652605459057072,0.967741935483871,70.6410844999773,0,0
s09o_bridge,parego_seed,11,20,0,1.0,0.9344537162628854,0.9604166666666667,0.033249461368487804,0.0073252688172043,0.917590027700831,0.9335863377609108,0.9604166666666667,77.68230319999566,0,0
s09o_bridge,parego_seed,12,20,0,1.0,0.941598220403611,0.958139534883721,0.02589699811603043,0.009602400600150038,0.9233922695935162,0.958139534883721,0.958139534883721,70.44904750000569,0,0
s09o_bridge,parego_seed,13,20,0,1.0,0.9205983152009691,0.9335863377609108,0.04685946283128763,0.034155597722960146,0.9141899333269923,0.9335863377609108,0.9335863377609108,70.94792360001884,0,0
s09o_bridge,qlogehvi_mixed,11,20,0,1.0,0.9295039185423826,0.9351735675449603,0.03820742810431075,0.0325683679389107,0.9285333333333333,0.9349874239636533,0.9351735675449603,89.44720450001478,0,0
s09o_bridge,qlogehvi_mixed,12,20,0,1.0,0.928377377610473,0.9440203562340967,0.03917609030945871,0.023721579249774277,0.9234869224596415,0.929829627490615,0.9440203562340967,90.65393379998568,0,0
s09o_bridge,qlogehvi_mixed,13,20,0,1.0,0.9132627331100377,0.9259019373323332,0.05422305514689529,0.04183550812297139,0.9141882880890072,0.9259004559132272,0.9259019373323332,85.91192699997919,0,0
s09o_bridge,qlogehvi_mixed_seed,11,20,0,1.0,0.9242418421319449,0.9324814996396428,0.04346362892724254,0.03526018200096149,0.917590027700831,0.9264046616176765,0.9324814996396428,106.79791599998134,0,0
s09o_bridge,qlogehvi_mixed_seed,12,20,0,1.0,0.9273197322979287,0.9614711033274956,0.03996315674236234,0.006270832156375347,0.9233922695935162,0.923696173219333,0.9614711033274956,103.7110414999479,0,0
s09o_bridge,qlogehvi_mixed_seed,13,20,0,1.0,0.9371765062498425,0.967741935483871,0.030252675630145144,0.0,0.9141968454214182,0.9384236453201971,0.967741935483871,98.75964949997433,0,0
s09o_bridge,random,11,20,0,1.0,0.9159757694359516,0.917590027700831,0.05173382169412883,0.05015190778303995,0.917590027700831,0.917590027700831,0.917590027700831,161.15391910001927,0,0
s09o_bridge,random,12,20,0,1.0,0.923628250329628,0.9272058247678371,0.04367524460302543,0.040509048198879,0.9234869224596415,0.9267048971240524,0.9272058247678371,171.19185170001583,0,0
s09o_bridge,random,13,20,0,1.0,0.91411087553692,0.9383818539024826,0.05330610616324825,0.029360081581388385,0.9141882880890072,0.9149644987157874,0.9383818539024826,177.90090539993253,0,0
s09o_bridge,random_seed,11,20,0,1.0,0.9162156138983534,0.917590027700831,0.05148756373301968,0.05015190778303995,0.917590027700831,0.917590027700831,0.917590027700831,217.33475519997592,0,0
s09o_bridge,random_seed,12,20,0,1.0,0.9229338911053708,0.9272058247678371,0.04427854440498048,0.040509048198879,0.9233922695935162,0.9267048971240524,0.9272058247678371,199.50112679997983,0,0
s09o_bridge,random_seed,13,20,0,1.0,0.9158559639658138,0.9383818539024826,0.05157108259843615,0.029360081581388385,0.9141882880890072,0.9149644987157874,0.9383818539024826,225.5782302000298,0,0
s12o_cube_rounded_1,parego,11,20,0,1.0,0.8902632747582047,0.9274850772499215,0.036399576187838165,0.004453917435387443,0.8817807585449506,0.8817807585449506,0.9274850772499215,73.02056610002182,0,0
s12o_cube_rounded_1,parego,12,20,0,1.0,0.9123956289988475,0.9273224129097355,0.016348906396650018,0.002501634329585478,0.8864564985223655,0.927214987238559,0.9273224129097355,76.29879569997138,0,0
s12o_cube_rounded_1,parego,13,20,0,1.0,0.8989748829593451,0.9326284557381692,0.03529958900091936,0.0035103433472131163,0.8346928069852594,0.9324788269940751,0.9326284557381692,75.33571490002214,0,0
s12o_cube_rounded_1,parego_seed,11,20,0,1.0,0.8932311119813929,0.9172012620852494,0.03328646446379951,0.009916385569876127,0.8873424703943047,0.8873424703943047,0.9172012620852494,74.65234019998752,0,0
s12o_cube_rounded_1,parego_seed,12,20,0,1.0,0.8871099389133507,0.9172047493364981,0.03942347304202276,0.009916385569876127,0.8861582836782325,0.8862358408337946,0.9172047493364981,69.9310329999862,0,0
s12o_cube_rounded_1,parego_seed,13,20,0,1.0,0.8747056018017882,0.9176760739385537,0.05221445227539884,0.009916385569876127,0.8349976937788683,0.8680709534368071,0.9176760739385537,68.20394550000492,0,0
s12o_cube_rounded_1,qlogehvi_mixed,11,20,0,1.0,0.9151639619676818,0.9292053114518772,0.015316179135330244,0.0021573779633591306,0.8873424703943047,0.9291230837710205,0.9292053114518772,145.37696770002367,0,0
s12o_cube_rounded_1,qlogehvi_mixed,12,20,0,1.0,0.9174625315679744,0.9293478359027557,0.012946807391110182,0.00345207340376224,0.9178746647695437,0.9278240106265769,0.9293478359027557,144.33058249999885,0,0
s12o_cube_rounded_1,qlogehvi_mixed,13,20,0,1.0,0.8434056801453295,0.9211213564351639,0.08272020373246342,0.006886293747105009,0.8415719688582235,0.845723896726638,0.9211213564351639,77.57995739998296,0,0
s12o_cube_rounded_1,qlogehvi_mixed_seed,11,20,0,1.0,0.9146731354901856,0.9275739664368591,0.015206213039625896,0.0042378520299535885,0.8873424703943047,0.9264905201307242,0.9275739664368591,206.70931069998187,0,0
s12o_cube_rounded_1,qlogehvi_mixed_seed,12,20,0,1.0,0.9029283789629523,0.9319435405663241,0.026679413155867054,0.00535441633018662,0.8861582836782325,0.9211424125460582,0.9319435405663241,106.74299839999003,0,0
s12o_cube_rounded_1,qlogehvi_mixed_seed,13,20,0,1.0,0.8746309818825163,0.9263484538777185,0.05317712326445044,0.004674389894756959,0.8345615688453821,0.8811937199174594,0.9263484538777185,128.7802755000157,0,0
s12o_cube_rounded_1,random,11,20,0,1.0,0.8837008368530201,0.8873424703943047,0.04267373248467954,0.039059515622851426,0.8873424703943047,0.8873424703943047,0.8873424703943047,149.8121959999844,0,0
s12o_cube_rounded_1,random,12,20,0,1.0,0.8879490022269634,0.8949685562745967,0.03847165078306744,0.0314939617303067,0.8864564985223655,0.8880846942286023,0.8949685562745967,141.73319639998954,0,0
s12o_cube_rounded_1,random,13,20,0,1.0,0.8819042478003416,0.9239898437623415,0.04499496606344159,0.00499539479996613,0.8339103189922887,0.8984253269681761,0.9239898437623415,147.1852394999878,0,0
s12o_cube_rounded_1,random_seed,11,20,0,1.0,0.8846152084921551,0.8873424703943047,0.04172263368966078,0.039059515622851426,0.8873424703943047,0.8873424703943047,0.8873424703943047,139.72465559998818,0,0
s12o_cube_rounded_1,random_seed,12,20,0,1.0,0.8799997928443055,0.8949685562745967,0.04634186404795341,0.0314939617303067,0.8861582836782325,0.888084245248911,0.8949685562745967,139.46626449996256,0,0
s12o_cube_rounded_1,random_seed,13,20,0,1.0,0.8837148694087166,0.9239898437623415,0.04335969351345366,0.00499539479996613,0.8345615688453821,0.8984253269681761,0.9239898437623415,145.76152149995323,0,0
s13o_cube_rounded_2,parego,11,20,0,1.0,0.9178039219179978,0.9252265311154809,0.033393195694154165,0.026231021688667665,0.9122615876484145,0.9241172817913849,0.9252265311154809,69.55326899996726,0,0
s13o_cube_rounded_2,parego,12,20,0,1.0,0.9191757995930386,0.9266095849097274,0.0319436665571816,0.024836451842204264,0.9013717565534664,0.9264115714100193,0.9266095849097274,73.78239519998897,0,0
s13o_cube_rounded_2,parego,13,20,0,1.0,0.8805175746371742,0.9240754555729734,0.07044488126360676,0.027352885425325033,0.8747236385398863,0.8757079989134249,0.9240754555729734,68.84606840000197,0,0
s13o_cube_rounded_2,parego_seed,11,20,0,1.0,0.9132896623782247,0.9237149872194695,0.03775226964036265,0.027610640185578454,0.9122615876484145,0.9122615876484145,0.9237149872194695,66.09571709999,0,0
s13o_cube_rounded_2,parego_seed,12,20,0,1.0,0.9062194480176536,0.9289163480474254,0.04490889617249742,0.022533896728920876,0.9013717565534664,0.9264115714100193,0.9289163480474254,69.35714469999948,0,0
s13o_cube_rounded_2,parego_seed,13,20,0,1.0,0.879320726827264,0.9306321933943833,0.0713089879749799,0.020658294195063934,0.8167079620094727,0.9268701049304583,0.9306321933943833,109.57930040000065,0,0
s13o_cube_rounded_2,qlogehvi_mixed,11,20,0,1.0,0.9205723974576114,0.9289626227376899,0.030485178636446404,0.022266341601408644,0.9122615876484145,0.9289626227376899,0.9289626227376899,96.17376629998034,0,0
s13o_cube_rounded_2,qlogehvi_mixed,12,20,0,1.0,0.921133212432958,0.927857509114957,0.02992637108944965,0.02338885080093634,0.9249593576398604,0.9249593576398604,0.927857509114957,145.28604559999076,0,0
s13o_cube_rounded_2,qlogehvi_mixed,13,20,0,1.0,0.8690055686136815,0.9304624514619662,0.08193060097025053,0.0209863020192796,0.8166844781279685,0.8400621118012422,0.9304624514619662,137.20093839995388,0,0
s13o_cube_rounded_2,qlogehvi_mixed_seed,11,20,0,1.0,0.9196914760844076,0.9264261029785207,0.03135074274758512,0.02479019201321943,0.9122615876484145,0.926343073286851,0.9264261029785207,106.48914829999558,0,0
s13o_cube_rounded_2,qlogehvi_mixed_seed,12,20,0,1.0,0.9049921341102337,0.9281232110454789,0.046077573341385465,0.0231263871427507,0.9013717565534664,0.9279889156898826,0.9281232110454789,132.0832412999589,0,0
s13o_cube_rounded_2,qlogehvi_mixed_seed,13,20,0,1.0,0.9110529664701266,0.9514661274014156,0.040035561085001815,0.0,0.8503066107035444,0.9474747474747475,0.9514661274014156,66.99678840002161,0,0
s13o_cube_rounded_2,random,11,20,0,1.0,0.9087084614223047,0.9122812632621691,0.04209510241571665,0.03860623432778898,0.9122615876484145,0.9122615876484145,0.9122812632621691,123.4041106000368,0,0
s13o_cube_rounded_2,random,12,20,0,1.0,0.9180997049603304,0.9252833184972509,0.032965701771862144,0.02596970324275741,0.9013717565534664,0.9252833184972509,0.9252833184972509,120.73394900001585,0,0
s13o_cube_rounded_2,random,13,20,0,1.0,0.8878311546497318,0.9250442375851506,0.06295728907391629,0.026421236013446633,0.8166456394366023,0.9227361645760299,0.9250442375851506,119.92962199999602,0,0
s13o_cube_rounded_2,random_seed,11,20,0,1.0,0.9089439019820696,0.9122812632621691,0.04189456451396715,0.03860623432778898,0.9122615876484145,0.9122615876484145,0.9122812632621691,115.60936349999974,0,0
s13o_cube_rounded_2,random_seed,12,20,0,1.0,0.903989970345591,0.9252833184972509,0.04708220894381965,0.02596970324275741,0.9013717565534664,0.9252833184972509,0.9252833184972509,113.58641349997197,0,0
s13o_cube_rounded_2,random_seed,13,20,0,1.0,0.8881016017982445,0.9250442375851506,0.06275088210763076,0.026421236013446633,0.8166927665500933,0.9227361645760299,0.9250442375851506,116.56792579995818,0,0
s14o_cube_corner_sub_sphere,parego,11,20,0,1.0,0.9227481914090788,0.9359229646817918,0.014174940031993233,0.003621699061878478,0.9129657581468352,0.9244311113595062,0.9359229646817918,67.07931079999253,0,0
s14o_cube_corner_sub_sphere,parego,12,20,0,1.0,0.9233095841397185,0.9276124267106701,0.012542677111607177,0.008547718340636288,0.9238237915857831,0.9272973476865538,0.9276124267106701,66.52501089997531,0,0
s14o_cube_corner_sub_sphere,parego,13,20,0,1.0,0.9064148889617096,0.9222497932175352,0.029687933126518237,0.013910222373539283,0.9091557105551791,0.9091557105551791,0.9222497932175352,63.111013899964746,0,0
s14o_cube_corner_sub_sphere,parego_seed,11,20,0,1.0,0.9233450144462948,0.9324026451138868,0.012549447263168445,0.0037603196366922985,0.9129657581468352,0.9273370214154734,0.9324026451138868,71.06186250002065,0,0
s14o_cube_corner_sub_sphere,parego_seed,12,20,0,1.0,0.9150068464891303,0.9255578653393632,0.020632351193172003,0.0104180799419127,0.9238237915857831,0.9254312468358217,0.9255578653393632,64.33408879993658,0,0
s14o_cube_corner_sub_sphere,parego_seed,13,20,0,1.0,0.9014655767095129,0.9222497932175352,0.034565663837793116,0.013910222373539283,0.9059689288634505,0.9059689288634505,0.9222497932175352,61.544547100013006,0,0
s14o_cube_corner_sub_sphere,qlogehvi_mixed,11,20,0,1.0,0.9187600356286222,0.927955497092586,0.017080182635307906,0.00819854714207999,0.9129657581468352,0.9200904063955079,0.927955497092586,150.61339570004202,0,0
s14o_cube_corner_sub_sphere,qlogehvi_mixed,12,20,0,1.0,0.9267877062324732,0.9323856465331961,0.009136007843763762,0.003800361998537586,0.9237974966393369,0.932257053460768,0.9323856465331961,87.30950960003247,0,0
s14o_cube_corner_sub_sphere,qlogehvi_mixed,13,20,0,1.0,0.9179193524005512,0.9284536816104083,0.018147786149420198,0.007706494515998798,0.9165448779771417,0.9283032590399086,0.9284536816104083,91.62711909998325,0,0
s14o_cube_corner_sub_sphere,qlogehvi_mixed_seed,11,20,0,1.0,0.9226679945110811,0.932356547303942,0.013105558161577968,0.003713053523728748,0.9129657581468352,0.9285678665641965,0.932356547303942,192.74144019997038,0,0
s14o_cube_corner_sub_sphere,qlogehvi_mixed_seed,12,20,0,1.0,0.9168556887368672,0.9325311249977748,0.01895347501001472,0.0036932187139289956,0.9237974966393369,0.9275300427023803,0.9325311249977748,100.38718980002159,0,0
s14o_cube_corner_sub_sphere,qlogehvi_mixed_seed,13,20,0,1.0,0.9108110916271354,0.9308143648418052,0.025243664000341105,0.005428575268464213,0.9059689288634505,0.9059689288634505,0.9308143648418052,96.9009883000108,0,0
s14o_cube_corner_sub_sphere,random,11,20,0,1.0,0.9223114565448821,0.9332609875203473,0.013513294594781783,0.0029026993633947075,0.9129657581468352,0.9332609875203473,0.9332609875203473,114.04728419997264,0,0
s14o_cube_corner_sub_sphere,random,12,20,0,1.0,0.9208951565009826,0.9237974966393369,0.014825739504963511,0.012017973178537911,0.9237974966393369,0.9237974966393369,0.9237974966393369,114.85601329997007,0,0
s14o_cube_corner_sub_sphere,random,13,20,0,1.0,0.9123473573084233,0.9390451075244702,0.025704792465785452,0.0029026993633947075,0.9059689288634505,0.9084665853397881,0.9390451075244702,116.49186310001824,0,0
s14o_cube_corner_sub_sphere,random_seed,11,20,0,1.0,0.915603107766089,0.9332609875203473,0.020026287390864723,0.0029026993633947075,0.9129657581468352,0.9129657581468352,0.9332609875203473,84.04517309993389,0,0
s14o_cube_corner_sub_sphere,random_seed,12,20,0,1.0,0.9103950698456336,0.9237974966393369,0.025054232124767734,0.012017973178537911,0.9017397115878449,0.9237974966393369,0.9237974966393369,73.6732706999901,0,0
s14o_cube_corner_sub_sphere,random_seed,13,20,0,1.0,0.9122731072358091,0.9390451075244702,0.025741335331494853,0.0029026993633947075,0.9059689288634505,0.9084665853397881,0.9390451075244702,134.33276180003304,0,0
s15o_cylinder,parego,11,20,0,1.0,0.9235128358612277,0.9346044170234122,0.04006695327484102,0.029202433739767594,0.9149553941525375,0.9286276969517635,0.9346044170234122,78.62924070002919,0,0
s15o_cylinder,parego,12,20,0,1.0,0.9281032034881931,0.9383096208869177,0.03589573743601186,0.025703527313163915,0.9252298272278476,0.9266796449260786,0.9383096208869177,68.88734029997431,0,0
s15o_cylinder,parego,13,20,0,1.0,0.9217483174154129,0.9640287769784173,0.04217954515320835,0.0,0.9070631970260223,0.9070631970260223,0.9640287769784173,64.68266559999029,0,0
s15o_cylinder,parego_seed,11,20,0,1.0,0.9219610458652848,0.9332274248441452,0.04170941202604043,0.0308068942150583,0.9149553941525375,0.9285172888865455,0.9332274248441452,82.18828929994197,0,0
s15o_cylinder,parego_seed,12,20,0,1.0,0.924024614162049,0.9364449968990419,0.039954712985049975,0.02758510355506574,0.9252160803494842,0.9364449968990419,0.9364449968990419,62.95316079999611,0,0
s15o_cylinder,parego_seed,13,20,0,1.0,0.914718842264274,0.9340155629804611,0.049181390098980586,0.0299949454820519,0.8773109243697479,0.9340155629804611,0.9340155629804611,61.85778069998196,0,0
s15o_cylinder,qlogehvi_mixed,11,20,0,1.0,0.9234395821804596,0.9292236818501906,0.040197285243488035,0.03455245957088012,0.9260987898799325,0.9292236818501906,0.9292236818501906,152.29996199999005,0,0
s15o_cylinder,qlogehvi_mixed,12,20,0,1.0,0.9291743040138534,0.9344137820629282,0.034837023687005766,0.029657057126647894,0.9260019264790955,0.9343678051613831,0.9344137820629282,83.33398939998006,0,0
s15o_cylinder,qlogehvi_mixed,13,20,0,1.0,0.9057048362732152,0.9323161161742056,0.05824519641828442,0.03177810466789308,0.8773109243697479,0.9097266146889368,0.9323161161742056,94.23131040002045,0,0
s15o_cylinder,qlogehvi_mixed_seed,11,20,0,1.0,0.9241417674354845,0.929541745036558,0.03953900659272581,0.0343352821442377,0.9280903320193533,0.9293249961357469,0.929541745036558,166.48849350003002,0,0
s15o_cylinder,qlogehvi_mixed_seed,12,20,0,1.0,0.9166585107162549,0.9252418218502638,0.04731887030167629,0.03877862267633774,0.9252160803494842,0.9252409488065986,0.9252418218502638,90.3358573000296,0,0
s15o_cylinder,qlogehvi_mixed_seed,13,20,0,1.0,0.9311871621386117,0.9593345656192237,0.032728903018848995,0.004694211359193609,0.8998384491114702,0.9593345656192237,0.9593345656192237,82.46973729996535,0,0
s15o_cylinder,random,11,20,0,1.0,0.9133143850600479,0.9167200379885232,0.05024683819841259,0.04729135966662897,0.9151811197375509,0.9163361298254402,0.9167200379885232,124.82126009999774,0,0
s15o_cylinder,random,12,20,0,1.0,0.9304800247727554,0.9357142857142857,0.03352573390960684,0.028314491264131547,0.9252174657825628,0.9357142857142857,0.9357142857142857,122.34572790001403,0,0
s15o_cylinder,random,13,20,0,1.0,0.8980311589227401,0.9252470430099866,0.06588654181734867,0.03877038258078813,0.8773109243697479,0.9067569162734017,0.9252470430099866,124.19902569998521,0,0
s15o_cylinder,random_seed,11,20,0,1.0,0.9135242644533543,0.9167200379885232,0.04998228548188034,0.04729135966662897,0.9151811197375509,0.9163361298254402,0.9167200379885232,125.39216689996829,0,0
s15o_cylinder,random_seed,12,20,0,1.0,0.9240989616720023,0.9357142857142857,0.03988382956142453,0.028314491264131547,0.9252160803494842,0.9357142857142857,0.9357142857142857,116.57611360002193,0,0
s15o_cylinder,random_seed,13,20,0,1.0,0.8997062965893071,0.9252470430099866,0.06419960673962105,0.03877038258078813,0.8773109243697479,0.9067569162734017,0.9252470430099866,122.81401619997632,0,0
