optimizer,model_id,delta_hv_auc_mean,delta_hv_auc_sd,delta_hv_5_mean,delta_hv_10_mean,delta_hv_20_mean,delta_igd_final_mean,delta_valid_rate_mean
random,i01o_m1,0.0006853797014931088,0.003472659058238158,-7.1333028437795915e-06,0.002567945839760758,0.0,0.0,0.0
random,i02o_m2,0.00823384807947288,0.011064068399295595,0.011277232072342214,0.008601239730680424,7.645724642291185e-08,0.0,0.0
random,i03o_m3,0.009204267587072526,0.006965739019459395,0.007311593893799244,0.003989837895102914,4.6647335694149916e-07,0.0,0.0
random,i04o_m4,0.005439305949205238,0.012233404689977394,0.0019252207103423642,0.008766376600992443,8.42159086859399e-06,0.0,0.0
random,i05o_m5,0.00350415452883975,0.0012208746127684758,0.00652287831418256,0.0005005672317974034,8.649243608497652e-05,0.0,0.0
random,i06o_m6,-0.001366359258856975,0.0033664354088311353,-0.008220186695923911,-2.902427983767867e-06,0.0,0.0,0.0
random,i07o_m7,0.014955301590640993,0.01236323121348937,0.008958501996989813,0.008004539178506928,0.00021777010792164062,0.0,0.016666666666666646
random,i08o_m8,-0.0292387482861269,0.024288361975412117,0.0,0.0,-0.0392321508848843,0.036031879616053024,-0.050000000000000044
random,i09o_m9,0.002190360624987009,0.01953422002579947,-0.022982311305978647,9.955898754595202e-06,0.0,0.0,0.0
random,i10o_simp,-0.010295363032462626,0.006379146879146911,-0.01983765324254816,-0.007917839710522956,-0.0035307624195873855,0.0035587036558815295,0.0
random,i11o_s1,-0.003210858142265146,0.00026284388737347897,-7.171154402392983e-05,-2.496235756806649e-05,-2.6931136699085794e-05,0.00028866034315562045,0.0
random,i14o_s7,0.0011437778168050066,0.0015102502132962022,-0.00028486278020944944,1.2384497579343012e-05,0.0,0.0,0.0
random,i17o_s20,-0.004011122874329957,0.004564253926501092,-0.010648840354400094,-0.004556989218074015,0.0,0.0,0.0
random,n11o_limit_cycle,-0.004725041916138466,0.005835492706666142,0.0,-0.007712892402570041,0.0,0.0,0.0
random,n12o_limit_cycle_genus0,-0.0025333696412409936,0.006249451342692839,-1.3102268272779938e-05,-8.806844502847374e-06,-4.0989219944516835e-06,0.0,0.0
random,s09o_bridge,0.0004301912223461102,0.001230812792378237,-3.155095537510366e-05,0.0,0.0,0.0,0.0
random,s12o_cube_rounded_1,-0.0017414053783826322,0.005394760320761466,0.00011767833632011133,-1.496598970677591e-07,0.0,0.0,0.0
random,s13o_cube_rounded_2,-0.004534615635487256,0.008292314753157894,1.5709037830324846e-05,0.0,0.0,0.0,0.0
random,s14o_cube_corner_sub_sphere,-0.005760895168918793,0.005277098480189767,-0.0073525950171639725,-0.006765076457837342,0.0,0.0,0.0
random,s15o_cylinder,-0.0014986820136265362,0.00429126779189875,-4.6181102619780035e-07,0.0,0.0,0.0,0.0
parego,i01o_m1,0.007606329789306828,0.014532012869296871,0.012175692281242934,0.013546619896674347,0.009557858231991104,0.0028520893628384888,0.01666666666666668
parego,i02o_m2,0.004714750726615498,0.026117042703084285,0.018215474115990376,0.027660445105243087,-0.01469081474414006,0.014745522543749638,0.0
parego,i03o_m3,0.018251146000231477,0.0277684229170243,0.01133623759115702,0.01000548722210337,0.017201308450830604,-0.01737047932314764,0.016666666666666646
parego,i04o_m4,0.004700107147328159,0.0255142912350028,0.012056101558771718,0.010030001869721658,0.017133691116122618,-0.016321268279876722,0.01666666666666668
parego,i05o_m5,0.004713298450837788,0.023504872007274226,-0.0021352507478265372,-0.019057243037387317,0.007756017853879878,-0.010211033627663482,0.0
parego,i06o_m6,-0.013554955373506927,0.004305840755832862,-0.002415133557398197,0.002518541354874911,-0.0352756088660842,0.024649698539973453,0.0
parego,i07o_m7,-0.0034906436081499534,0.029212826417220075,0.008490119836291221,-0.012558059484033731,-0.01864866614663896,0.018254937773705016,0.05000000000000001
parego,i08o_m8,-0.04217535768540633,0.043176923997238485,-0.0031752048399993718,-0.05122892842341764,-0.017101416040148476,0.013896682265157658,-0.06666666666666665
parego,i09o_m9,0.00925618606385111,0.06167965361994279,-0.016419374460578024,0.009685663517717935,0.02304433825674009,-0.022450553944022286,-0.01666666666666668
parego,i10o_simp,-0.012639493420286993,0.009459105936143677,-0.013766578259014617,-0.014434631052965571,-0.003015673466243466,0.003006614019728606,0.0
parego,i11o_s1,-0.002794770570674121,0.004011860901662954,0.014162986874851327,-0.008017761970494974,-0.0031730802056381493,3.8255112383467176e-05,0.0
parego,i14o_s7,-0.005738458084724692,0.005266377009460979,0.004804183291646669,-0.013737410065166008,-0.007024560790328353,0.002053846479486395,0.01666666666666668
parego,i17o_s20,0.0030896665770165552,0.02465741965091903,0.005655443813758376,0.003564066843389132,0.0030452669039729616,-0.00274942356447228,0.0
parego,n11o_limit_cycle,0.00121438026455097,0.002928783606749002,0.0,0.0016713527022805448,0.002123214195513201,-0.0021190111605153892,0.0
parego,n12o_limit_cycle_genus0,-0.0035832147355524535,0.01580275379171514,-0.00014988897865549541,-0.002712333523286444,-0.006851218727425001,0.006688129587710722,0.0
parego,s09o_bridge,-0.0022475528477898057,0.01953664267968741,-3.100254271341344e-05,-0.005906906590901095,0.002209406518296264,-0.002209406518296241,0.0
parego,s12o_cube_rounded_1,-0.015529044673288491,0.01602682912170578,0.001856127932943319,-0.033275102704226144,-0.011784620179174995,0.006427753865814114,0.0
parego,s13o_cube_rounded_2,-0.006222486308356053,0.006063003481957769,-0.019338558843471205,0.013102137291354343,0.002450652354365479,-0.002539175948877899,0.0
parego,s14o_cube_corner_sub_sphere,-0.004218408955189656,0.0044945756007836,-0.0010622605639095302,-0.0007156574954978456,-0.0018582936464039597,0.0006696607253634112,0.0
parego,s15o_cylinder,-0.004219951491075273,0.0027415773035096252,-0.009922006511545955,0.012202436620728027,-0.011084943388366334,0.011160327399748144,0.0
qlogehvi_mixed,i01o_m1,0.0003651378746379885,0.0024047721897760195,-0.010546273552754282,-0.0024958847437956955,-0.00016415088253089274,0.008245488089590518,0.0
qlogehvi_mixed,i02o_m2,0.013395742793530138,0.009739679754238282,0.011374555470320106,0.01098924169755707,0.020240020752728682,-0.01840427210225463,0.0
qlogehvi_mixed,i03o_m3,-0.00411353728079189,0.011102139067089135,-0.014762564596301986,-0.021129414368553385,0.0007625997984948008,-0.00042886016344794467,0.0
qlogehvi_mixed,i04o_m4,-0.0013818359110725116,0.02123149721448112,-0.02906626249018111,0.00437145838461291,-0.0017687161138703795,0.00044044701039091145,0.0
qlogehvi_mixed,i05o_m5,0.00011788054952629097,0.022159676364259438,0.008379392748360007,-0.019905851146878484,-0.0025471541618789693,0.0019797577891642842,0.0
qlogehvi_mixed,i06o_m6,0.0005324139875982533,0.019155456237117764,-0.01781420623353258,0.0049121814827648436,0.010495578792596216,-0.004617877233527478,0.0
qlogehvi_mixed,i07o_m7,-0.0003074558473264988,0.026673759296959816,0.009026206160438366,-0.02791652254830875,-0.026019989214792167,0.025717935368195385,0.016666666666666646
qlogehvi_mixed,i08o_m8,-0.036308693968131,0.03769130706597659,0.015617566819012718,0.002204232195527863,-0.019847703141967266,0.004379242081361555,-0.04999999999999997
qlogehvi_mixed,i09o_m9,0.018396305695381237,0.03259639981573533,-0.04617244634091385,0.03454765594310575,0.008349029371756337,-0.004601893923996466,0.01666666666666668
qlogehvi_mixed,i10o_simp,-0.009352428829644674,0.007221906509664135,-0.024518116148954976,-0.001069901366150557,0.001162408563778768,-0.0012392440740894527,0.0
qlogehvi_mixed,i11o_s1,-0.00894068827443295,0.009961325144025366,-0.008497599823839056,-0.012752329298321005,0.002089442403025369,-0.001681813586977188,0.0
qlogehvi_mixed,i14o_s7,0.00211841186800051,0.01572889097502417,-0.011506664561789984,-0.006731470833248913,-0.0010623455847202923,-5.8331400311142966e-05,-0.01666666666666668
qlogehvi_mixed,i17o_s20,-0.0007629745915539073,0.008820696540761229,-0.035685253514068704,-0.012770048400080595,0.012943046712815987,-0.00903928732243015,0.0
qlogehvi_mixed,n11o_limit_cycle,-0.013568084039748888,0.008940285507822979,-0.004276071520946482,-0.021098875903176013,-0.010135494340769177,0.010137735997546237,0.0
qlogehvi_mixed,n12o_limit_cycle_genus0,-0.00026906835067974644,0.009050455980139883,0.007344290788238839,0.002229574210008837,0.0022489725025147678,-0.0021462795003817686,0.0
qlogehvi_mixed,s09o_bridge,0.005864683805607636,0.0157717002748469,-0.0036764670554055487,-0.0007310090700963409,0.01886622577987307,-0.01886481371810651,0.0
qlogehvi_mixed,s12o_cube_rounded_1,0.005400107551556177,0.02344161349449227,-0.01290892703471754,0.008718553823335492,0.002063819030368267,0.0005903043802235958,0.0
qlogehvi_mixed,s13o_cube_rounded_2,0.008341799386838988,0.03017065832355557,0.0033448438297272918,0.0359408814242295,0.006244286036934017,-0.006241638421884819,0.0
qlogehvi_mixed,s14o_cube_corner_sub_sphere,-0.004377439795521003,0.007312952478057786,-0.003525316371230399,-0.006194626922052415,0.0023024039691105593,-0.002290185383498139,0.0
qlogehvi_mixed,s15o_cylinder,0.004556239274274325,0.019290012033919567,0.007911073583843908,0.01352746962035293,0.006054850806240353,-0.006059835061884016,0.0
